{
  "runs": [
    {
      "model_label": "gpt56",
      "model": "responses.gpt-5.6-sol?reasoning=medium",
      "variant": "docs",
      "repetition": 1,
      "input_sha256": "0e8cf9891d4260fcd03184649177338dcddf597aa8667db340914e38f82756de",
      "report": "tool-benchmark/docs-live/runs/live-3models/gpt56-docs-run-1.score.json",
      "batch_ok_rate": 1.0,
      "completion_rate": 1.0,
      "error_free_rate": 0.6666666666666666,
      "recovered_tool_error_rate": 0.3333333333333333,
      "mean_duration_ms": 33131.90416666667,
      "mean_turns": 6.583333333333333,
      "mean_tool_calls": 5.583333333333333,
      "mean_input_tokens": 45319.25,
      "mean_cached_input_tokens": 31140.5,
      "mean_output_tokens": 1554.0833333333333,
      "mean_reasoning_output_tokens": 277.75,
      "mean_total_tokens": 46873.333333333336
    },
    {
      "model_label": "gpt56",
      "model": "responses.gpt-5.6-sol?reasoning=medium",
      "variant": "files",
      "repetition": 1,
      "input_sha256": "0e8cf9891d4260fcd03184649177338dcddf597aa8667db340914e38f82756de",
      "report": "tool-benchmark/docs-live/runs/live-3models/gpt56-files-run-1.score.json",
      "batch_ok_rate": 1.0,
      "completion_rate": 0.9166666666666666,
      "error_free_rate": 0.8333333333333334,
      "recovered_tool_error_rate": 0.16666666666666666,
      "mean_duration_ms": 34850.431666666664,
      "mean_turns": 8.75,
      "mean_tool_calls": 7.833333333333333,
      "mean_input_tokens": 68503.75,
      "mean_cached_input_tokens": 51882.0,
      "mean_output_tokens": 1828.5,
      "mean_reasoning_output_tokens": 376.0,
      "mean_total_tokens": 70332.25
    },
    {
      "model_label": "opus48",
      "model": "opus48",
      "variant": "docs",
      "repetition": 1,
      "input_sha256": "0e8cf9891d4260fcd03184649177338dcddf597aa8667db340914e38f82756de",
      "report": "tool-benchmark/docs-live/runs/live-3models/opus48-docs-run-1.score.json",
      "batch_ok_rate": 1.0,
      "completion_rate": 1.0,
      "error_free_rate": 0.9166666666666666,
      "recovered_tool_error_rate": 0.08333333333333333,
      "mean_duration_ms": 19974.56,
      "mean_turns": 3.0833333333333335,
      "mean_tool_calls": 2.3333333333333335,
      "mean_input_tokens": 17108.5,
      "mean_cached_input_tokens": 0.0,
      "mean_output_tokens": 1844.0833333333333,
      "mean_reasoning_output_tokens": 0.0,
      "mean_total_tokens": 16379.833333333334
    },
    {
      "model_label": "opus48",
      "model": "opus48",
      "variant": "files",
      "repetition": 1,
      "input_sha256": "0e8cf9891d4260fcd03184649177338dcddf597aa8667db340914e38f82756de",
      "report": "tool-benchmark/docs-live/runs/live-3models/opus48-files-run-1.score.json",
      "batch_ok_rate": 1.0,
      "completion_rate": 1.0,
      "error_free_rate": 0.8333333333333334,
      "recovered_tool_error_rate": 0.16666666666666666,
      "mean_duration_ms": 21898.71083333333,
      "mean_turns": 5.0,
      "mean_tool_calls": 4.75,
      "mean_input_tokens": 40681.583333333336,
      "mean_cached_input_tokens": 16097.0,
      "mean_output_tokens": 2270.0,
      "mean_reasoning_output_tokens": 0.0,
      "mean_total_tokens": 20895.333333333332
    },
    {
      "model_label": "kimi27",
      "model": "kimi27",
      "variant": "docs",
      "repetition": 1,
      "input_sha256": "0e8cf9891d4260fcd03184649177338dcddf597aa8667db340914e38f82756de",
      "report": "tool-benchmark/docs-live/runs/live-3models/kimi27-docs-run-1.score.json",
      "batch_ok_rate": 1.0,
      "completion_rate": 1.0,
      "error_free_rate": 0.25,
      "recovered_tool_error_rate": 0.75,
      "mean_duration_ms": 21526.96,
      "mean_turns": 7.166666666666667,
      "mean_tool_calls": 6.166666666666667,
      "mean_input_tokens": 55681.25,
      "mean_cached_input_tokens": 38307.916666666664,
      "mean_output_tokens": 1736.9166666666667,
      "mean_reasoning_output_tokens": 0.0,
      "mean_total_tokens": 57418.166666666664
    },
    {
      "model_label": "kimi27",
      "model": "kimi27",
      "variant": "files",
      "repetition": 1,
      "input_sha256": "0e8cf9891d4260fcd03184649177338dcddf597aa8667db340914e38f82756de",
      "report": "tool-benchmark/docs-live/runs/live-3models/kimi27-files-run-1.score.json",
      "batch_ok_rate": 1.0,
      "completion_rate": 0.75,
      "error_free_rate": 0.5,
      "recovered_tool_error_rate": 0.3333333333333333,
      "mean_duration_ms": 16711.678333333333,
      "mean_turns": 9.0,
      "mean_tool_calls": 8.25,
      "mean_input_tokens": 84005.33333333333,
      "mean_cached_input_tokens": 64470.666666666664,
      "mean_output_tokens": 1626.6666666666667,
      "mean_reasoning_output_tokens": 0.0,
      "mean_total_tokens": 85632.0
    }
  ],
  "paired_deltas": [
    {
      "model_label": "gpt56",
      "model": "responses.gpt-5.6-sol?reasoning=medium",
      "repetition": 1,
      "files_minus_docs:batch_ok_rate": 0.0,
      "files_minus_docs:completion_rate": -0.08333333333333337,
      "files_minus_docs:error_free_rate": 0.16666666666666674,
      "files_minus_docs:recovered_tool_error_rate": -0.16666666666666666,
      "files_minus_docs:mean_duration_ms": 1718.5274999999965,
      "files_minus_docs:mean_turns": 2.166666666666667,
      "files_minus_docs:mean_tool_calls": 2.25,
      "files_minus_docs:mean_input_tokens": 23184.5,
      "files_minus_docs:mean_cached_input_tokens": 20741.5,
      "files_minus_docs:mean_output_tokens": 274.41666666666674,
      "files_minus_docs:mean_reasoning_output_tokens": 98.25,
      "files_minus_docs:mean_total_tokens": 23458.916666666664
    },
    {
      "model_label": "opus48",
      "model": "opus48",
      "repetition": 1,
      "files_minus_docs:batch_ok_rate": 0.0,
      "files_minus_docs:completion_rate": 0.0,
      "files_minus_docs:error_free_rate": -0.08333333333333326,
      "files_minus_docs:recovered_tool_error_rate": 0.08333333333333333,
      "files_minus_docs:mean_duration_ms": 1924.1508333333295,
      "files_minus_docs:mean_turns": 1.9166666666666665,
      "files_minus_docs:mean_tool_calls": 2.4166666666666665,
      "files_minus_docs:mean_input_tokens": 23573.083333333336,
      "files_minus_docs:mean_cached_input_tokens": 16097.0,
      "files_minus_docs:mean_output_tokens": 425.91666666666674,
      "files_minus_docs:mean_reasoning_output_tokens": 0.0,
      "files_minus_docs:mean_total_tokens": 4515.499999999998
    },
    {
      "model_label": "kimi27",
      "model": "kimi27",
      "repetition": 1,
      "files_minus_docs:batch_ok_rate": 0.0,
      "files_minus_docs:completion_rate": -0.25,
      "files_minus_docs:error_free_rate": 0.25,
      "files_minus_docs:recovered_tool_error_rate": -0.4166666666666667,
      "files_minus_docs:mean_duration_ms": -4815.281666666666,
      "files_minus_docs:mean_turns": 1.833333333333333,
      "files_minus_docs:mean_tool_calls": 2.083333333333333,
      "files_minus_docs:mean_input_tokens": 28324.08333333333,
      "files_minus_docs:mean_cached_input_tokens": 26162.75,
      "files_minus_docs:mean_output_tokens": -110.25,
      "files_minus_docs:mean_reasoning_output_tokens": 0.0,
      "files_minus_docs:mean_total_tokens": 28213.833333333336
    }
  ]
}
